name,ring,quadrant,isNew,description
Ruby on Rails,maintain,languages-frameworks,FALSE,"7+ years production experience building AMT platform for 10K+ users, daily full-stack development"
JavaScript/ES6+,maintain,languages-frameworks,FALSE,"Daily full-stack development, async patterns, event handling for high-traffic applications"
Go,adopt,languages-frameworks,FALSE,"Primary language for microservices: SQS UI (230+ tests), Salesforce debug service with Kubernetes deployment"
React,adopt,languages-frameworks,FALSE,"Frontend development with Redux, TypeScript; performance optimization reducing page loads by 33%"
TypeScript,trial,languages-frameworks,FALSE,"Salesforce debug service frontend, type-safe React components"
Python,trial,languages-frameworks,FALSE,"Data pipelines, async ETL migration (500K+ records), Celery job processing"
Kubernetes,maintain,platforms,FALSE,"Daily production deployments with Helm charts, HPA, rolling updates, liveness/readiness probes"
Docker,maintain,platforms,FALSE,"Daily containerization for all services, CI/CD optimization reducing test runtime by 50%"
AWS,maintain,platforms,FALSE,"Daily use: EC2, S3, Lambda, CloudWatch, SNS/SQS (production monitoring), Secrets Manager (credential rotation)"
ArgoCD,adopt,platforms,FALSE,"GitOps-based continuous delivery for Kubernetes deployments"
Terraform,trial,platforms,FALSE,"Infrastructure as Code for AWS resource management"
Railway,adopt,platforms,TRUE,"Modern PaaS for zero-config deployments: Umami analytics with dual-domain setup (82MB Alpine Docker), managed PostgreSQL, auto-HTTPS, multi-domain routing, free tier hosting ($0/month)"
Datadog APM,maintain,tools,FALSE,"Daily production observability: distributed tracing, custom metrics, dashboards, alerts, deployment tracking, SLO monitoring"
MySQL,maintain,tools,FALSE,"Daily primary production database management, multi-year migration from MongoDB, billions of events"
Redis,maintain,tools,FALSE,"Daily distributed caching layer, write-through pattern, Sidekiq job queue, cross-service performance optimization"
Git,maintain,tools,FALSE,"Daily version control, collaborative development, code review workflows"
Elasticsearch,trial,tools,FALSE,"Real-time search/indexing, 50% faster admin queries, scalable user analytics"
PostgreSQL,trial,tools,FALSE,"Relational database for microservices and data analysis"
MongoDB,trial,tools,FALSE,"Legacy system experience, migrated to MySQL with zero downtime"
Helm,adopt,tools,FALSE,"Kubernetes deployment management, multi-service charts with autoscaling and resource limits"
GitHub Actions,trial,tools,FALSE,"CI/CD automation with parallel testing in Kubernetes"
Jenkins,assess,tools,FALSE,"CI/CD pipeline experience"
StreamSets,trial,tools,FALSE,"ETL pipelines for sensitive user data, AWS integration"
PaperTrail,adopt,tools,FALSE,"Comprehensive audit trail across 10+ models, compliance tracking, versioning history"
WebSocket,adopt,techniques,FALSE,"Real-time SQS monitoring UI, bi-directional communication for queue operations"
Event Streaming,trial,techniques,FALSE,"Kafka-like streaming for 1M+ daily events, real-time anomaly detection, SNS/SQS architecture"
Distributed Tracing,adopt,techniques,FALSE,"Datadog APM across multi-system architecture (AMT → SNS/SQS → Sidekiq → external APIs)"
Circuit Breakers,adopt,techniques,FALSE,"Production resilience patterns for external system integrations, immediate business action during outages"
Retry Logic,adopt,techniques,FALSE,"Sidekiq/Celery exponential backoff for data sync jobs across 15+ university programs"
Horizontal Pod Autoscaling,adopt,techniques,FALSE,"Kubernetes HPA based on CPU/memory thresholds for high-availability production environments"
Distributed Caching,adopt,techniques,FALSE,"Write-through cache pattern (Rails writes, services read), separate namespaces for app cache vs job queue"
REST API Design,adopt,techniques,FALSE,"Go microservices (Gin framework), Salesforce debug service, data validation endpoints"
AI/ML for Anomaly Detection,assess,techniques,TRUE,"Data pipeline integration, exploring predictive monitoring and automated incident detection"
Infrastructure as Code,trial,techniques,FALSE,"Terraform for AWS resources, Helm for Kubernetes, GitOps with ArgoCD"
SLO/SLA Monitoring,adopt,techniques,FALSE,"Primary on-call engineer, post-mortems, service reliability definitions across microservices ecosystem"
Secrets Management,adopt,techniques,FALSE,"AWS Secrets Manager with Kubernetes persistent volumes, ATM sidecar for automatic credential rotation"
Cloudflare,adopt,platforms,TRUE,"DNS management, CDN, DDoS protection, Access (Zero Trust SSO with GitHub OAuth), dual-subdomain CORS architecture"
Architecture Decision Records,adopt,techniques,TRUE,"Documented architectural decisions (ADRs) for complex infrastructure choices, trade-off analysis, alternative evaluation"
CORS Architecture,trial,techniques,TRUE,"Dual-subdomain pattern to bypass authentication on public endpoints while maintaining dashboard security"
Flutter/Dart,adopt,languages-frameworks,TRUE,"Mobile app development: TMJ therapy tracker with MediaPipe face mesh, real-time jaw movement tracking, SQLite persistence, cross-platform (iOS/Android/macOS)"
MediaPipe,trial,tools,TRUE,"Computer vision for real-time face mesh tracking in Flutter app, 468 3D facial landmarks for clinical jaw movement analysis"
HTML5 Canvas,adopt,languages-frameworks,TRUE,"Vanilla JS game development: BB-Bounce brick breaker with 60 FPS animation, collision detection, canvas rendering without frameworks"
Node.js/Express,adopt,languages-frameworks,FALSE,"Backend API development, BB-Bounce game server with PostgreSQL leaderboards, rate limiting, server-side score validation"
